IDFuncionario,DataContratacao,Gênero,Etinia,AgeGroup,Cargo,Departamento,SiteID
EMP-00001,2023-07-26,Masculino,Indígena,18-25,Especialista,Financeiro,S-005
EMP-00002,2023-06-16,Masculino,Parda,26-35,Gestor,Operações,S-002
EMP-00003,2023-07-09,Feminino,Amarela,46-60,Analista,Engenharia,S-003
EMP-00004,2023-12-17,Feminino,Parda,18-25,Especialista,Financeiro,S-002
EMP-00005,2024-04-08,Feminino,Indígena,18-25,Analista,Engenharia,S-004
EMP-00006,2024-07-18,Feminino,Amarela,26-35,Especialista,Financeiro,S-001
EMP-00007,2024-06-07,Feminino,Indígena,46-60,Gestor,Engenharia,S-001
EMP-00008,2024-12-19,Feminino,Preta,36-45,Analista,Engenharia,S-004
EMP-00009,2024-12-05,Masculino,Parda,26-35,Analista,Operações,S-005
EMP-00010,2023-10-15,Feminino,Amarela,46-60,Gestor,Engenharia,S-002
EMP-00011,2024-09-18,Feminino,Preta,36-45,Analista,Sustentabilidade,S-002
EMP-00012,2023-06-04,Masculino,Preta,36-45,Especialista,Sustentabilidade,S-003
EMP-00013,2024-10-20,Feminino,Indígena,46-60,Gestor,Financeiro,S-002
EMP-00014,2023-09-13,Feminino,Parda,36-45,Analista,Financeiro,S-001
EMP-00015,2023-07-23,Masculino,Parda,46-60,Gestor,RH,S-004
EMP-00016,2024-10-08,Masculino,Indígena,18-25,Gestor,Operações,S-004
EMP-00017,2023-06-24,Masculino,Branca,46-60,Analista,Engenharia,S-002
EMP-00018,2024-02-12,Masculino,Indígena,18-25,Gestor,Operações,S-004
EMP-00019,2023-07-21,Feminino,Preta,46-60,Especialista,Engenharia,S-005
EMP-00020,2024-03-01,Masculino,Parda,46-60,Gestor,RH,S-003
EMP-00021,2024-03-03,Feminino,Parda,18-25,Gestor,Operações,S-002
EMP-00022,2024-03-14,Feminino,Preta,26-35,Analista,RH,S-002
EMP-00023,2024-09-09,Feminino,Amarela,46-60,Gestor,RH,S-003
EMP-00024,2023-02-12,Masculino,Preta,36-45,Especialista,Financeiro,S-002
EMP-00025,2023-05-05,Feminino,Preta,36-45,Especialista,Operações,S-001
EMP-00026,2023-03-22,Feminino,Parda,18-25,Analista,Engenharia,S-002
EMP-00027,2024-11-07,Feminino,Parda,18-25,Especialista,Operações,S-003
EMP-00028,2023-12-02,Masculino,Parda,18-25,Analista,Operações,S-005
EMP-00029,2023-01-23,Masculino,Preta,46-60,Analista,RH,S-003
EMP-00030,2023-10-29,Masculino,Indígena,18-25,Analista,Operações,S-004
EMP-00031,2024-04-03,Feminino,Preta,18-25,Analista,Operações,S-005
EMP-00032,2023-09-25,Feminino,Branca,26-35,Gestor,Financeiro,S-005
EMP-00033,2024-12-25,Masculino,Amarela,36-45,Analista,Operações,S-002
EMP-00034,2024-12-12,Feminino,Indígena,46-60,Especialista,Operações,S-002
EMP-00035,2023-01-14,Masculino,Parda,18-25,Analista,RH,S-004
EMP-00036,2023-07-22,Masculino,Branca,36-45,Analista,Sustentabilidade,S-003
EMP-00037,2023-03-04,Feminino,Indígena,46-60,Especialista,Engenharia,S-002
EMP-00038,2023-08-07,Feminino,Preta,46-60,Especialista,Operações,S-004
EMP-00039,2024-02-24,Masculino,Parda,18-25,Especialista,Engenharia,S-001
EMP-00040,2024-08-12,Feminino,Preta,18-25,Analista,Engenharia,S-005
EMP-00041,2023-10-16,Masculino,Amarela,36-45,Gestor,Engenharia,S-002
EMP-00042,2024-05-03,Masculino,Preta,46-60,Gestor,Financeiro,S-002
EMP-00043,2023-12-29,Feminino,Preta,26-35,Analista,Financeiro,S-004
EMP-00044,2024-02-22,Feminino,Indígena,26-35,Analista,Engenharia,S-001
EMP-00045,2023-05-23,Masculino,Indígena,46-60,Analista,Financeiro,S-005
EMP-00046,2024-12-17,Masculino,Amarela,26-35,Gestor,Sustentabilidade,S-002
EMP-00047,2024-08-24,Feminino,Branca,26-35,Gestor,Engenharia,S-004
EMP-00048,2023-05-20,Feminino,Indígena,26-35,Gestor,Sustentabilidade,S-001
EMP-00049,2024-10-15,Masculino,Amarela,26-35,Especialista,RH,S-004
EMP-00050,2023-07-01,Masculino,Amarela,46-60,Gestor,Operações,S-004
EMP-00051,2023-01-04,Masculino,Parda,18-25,Gestor,RH,S-002
EMP-00052,2023-09-11,Masculino,Amarela,36-45,Analista,Sustentabilidade,S-001
EMP-00053,2023-07-27,Masculino,Parda,36-45,Gestor,Engenharia,S-004
EMP-00054,2023-04-26,Masculino,Preta,26-35,Gestor,Engenharia,S-004
EMP-00055,2023-07-03,Feminino,Amarela,26-35,Analista,Engenharia,S-003
EMP-00056,2023-10-13,Masculino,Indígena,46-60,Gestor,Sustentabilidade,S-001
EMP-00057,2024-03-23,Feminino,Preta,36-45,Gestor,Sustentabilidade,S-004
EMP-00058,2024-06-29,Feminino,Branca,18-25,Especialista,RH,S-005
EMP-00059,2023-08-30,Masculino,Indígena,18-25,Especialista,Sustentabilidade,S-002
EMP-00060,2024-07-13,Feminino,Branca,36-45,Analista,Engenharia,S-005
EMP-00061,2024-02-06,Feminino,Amarela,18-25,Gestor,Financeiro,S-001
EMP-00062,2024-07-01,Feminino,Preta,36-45,Gestor,Operações,S-001
EMP-00063,2024-04-02,Feminino,Branca,18-25,Especialista,RH,S-001
EMP-00064,2023-09-21,Masculino,Amarela,36-45,Analista,Sustentabilidade,S-002
EMP-00065,2023-12-20,Feminino,Parda,26-35,Especialista,RH,S-003
EMP-00066,2024-07-04,Masculino,Indígena,26-35,Analista,RH,S-004
EMP-00067,2024-09-03,Feminino,Indígena,26-35,Analista,Engenharia,S-001
EMP-00068,2024-12-13,Feminino,Preta,18-25,Gestor,Operações,S-002
EMP-00069,2024-08-02,Feminino,Indígena,36-45,Gestor,RH,S-005
EMP-00070,2023-09-18,Feminino,Amarela,26-35,Gestor,RH,S-001
EMP-00071,2023-11-15,Masculino,Parda,18-25,Analista,Engenharia,S-001
EMP-00072,2023-06-28,Feminino,Branca,46-60,Analista,Financeiro,S-002
EMP-00073,2024-02-19,Feminino,Branca,46-60,Gestor,RH,S-004
EMP-00074,2024-11-15,Masculino,Amarela,36-45,Especialista,Engenharia,S-005
EMP-00075,2024-07-04,Feminino,Parda,26-35,Especialista,Financeiro,S-001
EMP-00076,2024-03-14,Feminino,Amarela,36-45,Analista,Financeiro,S-004
EMP-00077,2023-06-17,Feminino,Indígena,18-25,Gestor,Operações,S-003
EMP-00078,2024-01-24,Feminino,Preta,46-60,Gestor,Sustentabilidade,S-005
EMP-00079,2024-01-28,Feminino,Amarela,26-35,Analista,RH,S-001
EMP-00080,2024-06-20,Feminino,Parda,36-45,Gestor,Operações,S-005
EMP-00081,2024-09-28,Masculino,Branca,18-25,Gestor,Operações,S-002
EMP-00082,2024-06-12,Feminino,Branca,36-45,Especialista,Engenharia,S-001
EMP-00083,2024-11-19,Masculino,Parda,26-35,Especialista,Financeiro,S-005
EMP-00084,2023-01-17,Feminino,Amarela,46-60,Especialista,Engenharia,S-005
EMP-00085,2024-04-17,Feminino,Amarela,26-35,Analista,Sustentabilidade,S-004
EMP-00086,2023-04-23,Feminino,Preta,26-35,Analista,RH,S-003
EMP-00087,2024-11-28,Feminino,Preta,36-45,Gestor,RH,S-004
EMP-00088,2023-02-01,Masculino,Preta,36-45,Analista,Sustentabilidade,S-005
EMP-00089,2023-09-09,Feminino,Indígena,18-25,Especialista,Sustentabilidade,S-005
EMP-00090,2023-06-02,Feminino,Branca,46-60,Gestor,Operações,S-005
EMP-00091,2023-12-14,Masculino,Amarela,26-35,Gestor,Operações,S-002
EMP-00092,2023-02-24,Masculino,Parda,26-35,Analista,Engenharia,S-003
EMP-00093,2023-04-23,Masculino,Parda,36-45,Gestor,RH,S-001
EMP-00094,2023-05-08,Feminino,Branca,26-35,Analista,RH,S-004
EMP-00095,2023-08-27,Feminino,Parda,18-25,Especialista,Financeiro,S-002
EMP-00096,2023-05-21,Feminino,Branca,18-25,Gestor,Engenharia,S-003
EMP-00097,2023-07-17,Masculino,Parda,36-45,Gestor,Financeiro,S-003
EMP-00098,2024-12-08,Feminino,Preta,26-35,Gestor,Financeiro,S-003
EMP-00099,2023-11-20,Feminino,Indígena,26-35,Especialista,RH,S-003
EMP-00100,2024-03-07,Feminino,Amarela,36-45,Gestor,Operações,S-001
EMP-00101,2024-04-22,Feminino,Indígena,18-25,Gestor,Financeiro,S-003
EMP-00102,2023-11-09,Masculino,Branca,46-60,Analista,Financeiro,S-005
EMP-00103,2024-02-01,Masculino,Indígena,18-25,Analista,Operações,S-003
EMP-00104,2023-09-20,Masculino,Parda,18-25,Gestor,Sustentabilidade,S-002
EMP-00105,2023-06-14,Masculino,Amarela,46-60,Gestor,Financeiro,S-001
EMP-00106,2023-04-02,Masculino,Indígena,46-60,Gestor,RH,S-002
EMP-00107,2024-11-23,Masculino,Amarela,18-25,Analista,Sustentabilidade,S-003
EMP-00108,2024-12-04,Masculino,Amarela,18-25,Especialista,Engenharia,S-005
EMP-00109,2023-10-17,Masculino,Amarela,46-60,Gestor,RH,S-001
EMP-00110,2024-10-21,Feminino,Indígena,36-45,Analista,RH,S-004
EMP-00111,2023-03-14,Feminino,Indígena,26-35,Analista,RH,S-005
EMP-00112,2023-12-06,Masculino,Amarela,18-25,Analista,Engenharia,S-001
EMP-00113,2023-06-05,Feminino,Amarela,36-45,Analista,Sustentabilidade,S-005
EMP-00114,2024-03-28,Feminino,Branca,36-45,Gestor,RH,S-001
EMP-00115,2024-04-01,Masculino,Parda,46-60,Especialista,Operações,S-001
EMP-00116,2023-01-28,Masculino,Parda,46-60,Gestor,Engenharia,S-002
EMP-00117,2023-09-28,Masculino,Indígena,36-45,Analista,Operações,S-001
EMP-00118,2023-12-27,Masculino,Preta,26-35,Analista,Financeiro,S-001
EMP-00119,2023-06-10,Feminino,Preta,36-45,Analista,RH,S-005
EMP-00120,2024-10-17,Masculino,Parda,36-45,Gestor,Financeiro,S-003
EMP-00121,2024-12-31,Masculino,Preta,36-45,Analista,Financeiro,S-003
EMP-00122,2024-01-08,Masculino,Amarela,36-45,Gestor,Financeiro,S-001
EMP-00123,2023-01-14,Masculino,Branca,46-60,Gestor,Engenharia,S-005
EMP-00124,2024-07-03,Masculino,Parda,26-35,Gestor,RH,S-005
EMP-00125,2023-12-23,Feminino,Preta,18-25,Gestor,Financeiro,S-003
EMP-00126,2023-04-27,Masculino,Indígena,26-35,Especialista,Financeiro,S-001
EMP-00127,2024-05-23,Feminino,Indígena,26-35,Analista,Engenharia,S-002
EMP-00128,2023-05-01,Feminino,Amarela,36-45,Especialista,Engenharia,S-005
EMP-00129,2023-12-04,Feminino,Preta,18-25,Gestor,Sustentabilidade,S-002
EMP-00130,2023-10-19,Feminino,Parda,46-60,Especialista,Engenharia,S-001
EMP-00131,2024-11-30,Feminino,Amarela,26-35,Gestor,Engenharia,S-001
EMP-00132,2024-05-16,Masculino,Preta,36-45,Especialista,Financeiro,S-001
EMP-00133,2024-12-06,Masculino,Parda,36-45,Especialista,RH,S-004
EMP-00134,2024-07-28,Feminino,Preta,26-35,Gestor,Sustentabilidade,S-001
EMP-00135,2024-04-04,Masculino,Amarela,18-25,Analista,Sustentabilidade,S-002
EMP-00136,2023-02-15,Masculino,Indígena,18-25,Gestor,Sustentabilidade,S-004
EMP-00137,2024-08-07,Masculino,Preta,36-45,Analista,Operações,S-005
EMP-00138,2024-05-18,Masculino,Preta,18-25,Especialista,Operações,S-003
EMP-00139,2023-10-26,Masculino,Preta,18-25,Especialista,RH,S-004
EMP-00140,2023-04-11,Masculino,Amarela,36-45,Especialista,Operações,S-001
EMP-00141,2023-10-30,Masculino,Branca,18-25,Especialista,Sustentabilidade,S-002
EMP-00142,2023-11-21,Feminino,Preta,36-45,Analista,RH,S-005
EMP-00143,2024-10-07,Feminino,Parda,26-35,Especialista,Engenharia,S-003
EMP-00144,2023-05-26,Masculino,Parda,46-60,Gestor,RH,S-001
EMP-00145,2023-03-27,Feminino,Preta,18-25,Especialista,Sustentabilidade,S-001
EMP-00146,2023-03-10,Masculino,Branca,36-45,Especialista,Financeiro,S-005
EMP-00147,2024-03-14,Feminino,Preta,36-45,Analista,Engenharia,S-001
EMP-00148,2024-12-01,Feminino,Indígena,46-60,Analista,Engenharia,S-004
EMP-00149,2023-01-28,Feminino,Amarela,18-25,Especialista,Operações,S-001
EMP-00150,2023-12-08,Masculino,Parda,36-45,Analista,Financeiro,S-002
EMP-00151,2023-05-05,Masculino,Parda,46-60,Analista,Engenharia,S-002
EMP-00152,2024-05-15,Masculino,Parda,26-35,Gestor,Sustentabilidade,S-001
EMP-00153,2024-11-03,Masculino,Parda,18-25,Gestor,Operações,S-001
EMP-00154,2024-09-21,Feminino,Parda,18-25,Analista,Financeiro,S-003
EMP-00155,2024-08-31,Feminino,Parda,26-35,Especialista,Operações,S-004
EMP-00156,2023-08-20,Masculino,Indígena,18-25,Especialista,Engenharia,S-001
EMP-00157,2023-08-27,Feminino,Branca,18-25,Gestor,Sustentabilidade,S-001
EMP-00158,2023-10-06,Feminino,Indígena,46-60,Analista,Engenharia,S-005
EMP-00159,2024-01-17,Feminino,Parda,18-25,Gestor,RH,S-001
EMP-00160,2023-07-02,Masculino,Indígena,36-45,Especialista,Sustentabilidade,S-001
EMP-00161,2023-05-03,Masculino,Amarela,36-45,Especialista,Engenharia,S-004
EMP-00162,2024-06-21,Masculino,Branca,46-60,Analista,Engenharia,S-004
EMP-00163,2023-03-03,Masculino,Branca,26-35,Analista,Financeiro,S-001
EMP-00164,2024-01-13,Feminino,Amarela,36-45,Especialista,Engenharia,S-002
EMP-00165,2024-10-12,Feminino,Parda,46-60,Gestor,RH,S-005
EMP-00166,2023-01-23,Feminino,Amarela,18-25,Analista,Sustentabilidade,S-004
EMP-00167,2024-08-15,Feminino,Branca,46-60,Analista,RH,S-001
EMP-00168,2023-10-08,Masculino,Indígena,36-45,Gestor,Engenharia,S-002
EMP-00169,2024-07-20,Feminino,Amarela,26-35,Especialista,Engenharia,S-005
EMP-00170,2023-04-16,Feminino,Preta,36-45,Gestor,Sustentabilidade,S-004
EMP-00171,2023-09-05,Feminino,Indígena,26-35,Analista,Operações,S-001
EMP-00172,2024-06-01,Feminino,Indígena,26-35,Gestor,RH,S-005
EMP-00173,2024-08-14,Masculino,Parda,36-45,Especialista,Operações,S-002
EMP-00174,2024-04-07,Feminino,Preta,18-25,Analista,Operações,S-004
EMP-00175,2023-08-06,Feminino,Branca,36-45,Analista,RH,S-004
EMP-00176,2024-03-10,Feminino,Preta,26-35,Gestor,RH,S-005
EMP-00177,2024-03-11,Masculino,Amarela,26-35,Gestor,Financeiro,S-003
EMP-00178,2023-01-29,Feminino,Preta,26-35,Analista,Engenharia,S-001
EMP-00179,2023-05-20,Feminino,Branca,46-60,Especialista,Operações,S-003
EMP-00180,2023-06-06,Masculino,Branca,36-45,Especialista,Sustentabilidade,S-005
EMP-00181,2023-03-17,Masculino,Preta,46-60,Gestor,Operações,S-005
EMP-00182,2024-10-29,Masculino,Preta,26-35,Especialista,RH,S-004
EMP-00183,2024-12-21,Masculino,Parda,26-35,Gestor,Operações,S-002
EMP-00184,2023-08-15,Masculino,Branca,36-45,Especialista,Operações,S-001
EMP-00185,2024-07-19,Feminino,Preta,36-45,Especialista,Operações,S-004
EMP-00186,2023-09-01,Feminino,Preta,18-25,Especialista,Sustentabilidade,S-004
EMP-00187,2024-07-14,Feminino,Indígena,18-25,Gestor,RH,S-003
EMP-00188,2023-11-29,Masculino,Parda,36-45,Especialista,Financeiro,S-002
EMP-00189,2023-12-09,Feminino,Indígena,18-25,Especialista,Operações,S-001
EMP-00190,2023-01-18,Feminino,Parda,46-60,Gestor,RH,S-004
EMP-00191,2023-09-21,Masculino,Amarela,26-35,Analista,Financeiro,S-002
EMP-00192,2024-09-02,Masculino,Amarela,18-25,Especialista,Operações,S-001
EMP-00193,2024-06-02,Masculino,Preta,18-25,Gestor,RH,S-003
EMP-00194,2023-06-01,Masculino,Indígena,26-35,Gestor,Financeiro,S-003
EMP-00195,2024-12-06,Masculino,Preta,26-35,Especialista,Financeiro,S-004
EMP-00196,2023-11-07,Feminino,Branca,46-60,Especialista,Operações,S-003
EMP-00197,2023-05-01,Masculino,Parda,18-25,Gestor,Engenharia,S-002
EMP-00198,2023-10-02,Masculino,Preta,26-35,Gestor,Engenharia,S-002
EMP-00199,2024-03-03,Masculino,Branca,18-25,Analista,Engenharia,S-003
EMP-00200,2023-01-24,Feminino,Branca,26-35,Analista,Sustentabilidade,S-002
EMP-00201,2023-07-17,Masculino,Branca,46-60,Analista,Engenharia,S-004
EMP-00202,2023-06-30,Masculino,Preta,26-35,Analista,Financeiro,S-001
EMP-00203,2023-10-13,Feminino,Indígena,18-25,Gestor,RH,S-004
EMP-00204,2023-09-29,Masculino,Preta,36-45,Gestor,Engenharia,S-004
EMP-00205,2024-01-30,Feminino,Branca,18-25,Gestor,Operações,S-002
EMP-00206,2023-12-18,Feminino,Indígena,18-25,Especialista,Operações,S-005
EMP-00207,2024-09-06,Masculino,Branca,26-35,Analista,RH,S-005
EMP-00208,2024-07-07,Feminino,Indígena,36-45,Especialista,Financeiro,S-005
EMP-00209,2024-12-12,Masculino,Amarela,18-25,Especialista,RH,S-005
EMP-00210,2024-07-31,Masculino,Branca,36-45,Gestor,Financeiro,S-002
EMP-00211,2024-10-18,Feminino,Amarela,18-25,Especialista,Sustentabilidade,S-004
EMP-00212,2023-12-05,Masculino,Preta,26-35,Especialista,RH,S-001
EMP-00213,2024-11-28,Masculino,Parda,26-35,Gestor,Financeiro,S-002
EMP-00214,2023-11-19,Masculino,Amarela,26-35,Gestor,RH,S-002
EMP-00215,2024-11-03,Masculino,Branca,26-35,Especialista,Engenharia,S-003
EMP-00216,2023-10-31,Feminino,Indígena,46-60,Especialista,Engenharia,S-005
EMP-00217,2024-10-12,Masculino,Preta,36-45,Especialista,Financeiro,S-002
EMP-00218,2024-05-07,Masculino,Parda,36-45,Especialista,RH,S-005
EMP-00219,2023-12-06,Feminino,Parda,36-45,Especialista,Sustentabilidade,S-003
EMP-00220,2023-01-01,Masculino,Indígena,36-45,Analista,RH,S-001
EMP-00221,2023-07-14,Feminino,Preta,36-45,Gestor,RH,S-003
EMP-00222,2024-03-26,Feminino,Indígena,36-45,Gestor,RH,S-001
EMP-00223,2024-08-03,Masculino,Preta,26-35,Gestor,Operações,S-002
EMP-00224,2023-05-05,Masculino,Preta,36-45,Especialista,Financeiro,S-002
EMP-00225,2024-12-31,Masculino,Amarela,46-60,Gestor,Financeiro,S-005
EMP-00226,2023-04-06,Masculino,Preta,18-25,Analista,Engenharia,S-003
EMP-00227,2023-10-09,Masculino,Indígena,36-45,Analista,Engenharia,S-001
EMP-00228,2024-12-13,Feminino,Amarela,18-25,Especialista,Financeiro,S-004
EMP-00229,2023-06-14,Feminino,Indígena,18-25,Gestor,Operações,S-002
EMP-00230,2023-04-29,Masculino,Preta,26-35,Especialista,RH,S-003
EMP-00231,2023-08-09,Masculino,Preta,36-45,Gestor,Operações,S-002
EMP-00232,2024-01-31,Masculino,Branca,36-45,Gestor,Financeiro,S-003
EMP-00233,2023-07-15,Masculino,Amarela,36-45,Analista,RH,S-003
EMP-00234,2023-12-24,Feminino,Preta,46-60,Gestor,RH,S-005
EMP-00235,2023-05-22,Feminino,Amarela,26-35,Especialista,Engenharia,S-003
EMP-00236,2024-12-14,Masculino,Amarela,36-45,Gestor,Operações,S-002
EMP-00237,2023-07-04,Feminino,Amarela,18-25,Analista,RH,S-004
EMP-00238,2023-06-07,Feminino,Preta,18-25,Especialista,Engenharia,S-002
EMP-00239,2024-04-22,Masculino,Branca,18-25,Especialista,Engenharia,S-001
EMP-00240,2023-12-31,Masculino,Preta,26-35,Analista,Engenharia,S-005
EMP-00241,2023-11-10,Masculino,Branca,46-60,Analista,Engenharia,S-001
EMP-00242,2023-06-14,Masculino,Parda,26-35,Analista,Operações,S-003
EMP-00243,2023-05-13,Feminino,Indígena,36-45,Gestor,RH,S-004
EMP-00244,2024-05-21,Masculino,Preta,46-60,Gestor,Financeiro,S-002
EMP-00245,2024-05-20,Masculino,Parda,26-35,Analista,Operações,S-005
EMP-00246,2024-12-20,Masculino,Preta,46-60,Analista,Operações,S-001
EMP-00247,2024-11-19,Masculino,Preta,36-45,Gestor,RH,S-004
EMP-00248,2023-01-12,Masculino,Preta,46-60,Analista,Engenharia,S-003
EMP-00249,2024-04-08,Feminino,Branca,36-45,Especialista,RH,S-005
EMP-00250,2024-02-19,Masculino,Preta,18-25,Analista,Financeiro,S-004
EMP-00251,2023-06-29,Feminino,Indígena,36-45,Analista,Sustentabilidade,S-002
EMP-00252,2023-09-07,Masculino,Parda,26-35,Analista,Engenharia,S-005
EMP-00253,2024-07-26,Feminino,Indígena,46-60,Especialista,Sustentabilidade,S-002
EMP-00254,2024-07-16,Feminino,Amarela,26-35,Analista,Engenharia,S-003
EMP-00255,2024-08-13,Feminino,Indígena,36-45,Gestor,Sustentabilidade,S-001
EMP-00256,2023-03-01,Feminino,Preta,26-35,Gestor,Operações,S-002
EMP-00257,2024-08-28,Masculino,Preta,26-35,Gestor,Financeiro,S-003
EMP-00258,2023-03-26,Masculino,Amarela,36-45,Gestor,RH,S-002
EMP-00259,2023-06-27,Masculino,Branca,46-60,Especialista,RH,S-003
EMP-00260,2024-12-31,Feminino,Indígena,46-60,Analista,RH,S-004
EMP-00261,2024-01-05,Feminino,Branca,18-25,Especialista,Engenharia,S-002
EMP-00262,2023-07-05,Feminino,Branca,36-45,Analista,RH,S-003
EMP-00263,2023-12-22,Feminino,Indígena,46-60,Especialista,Engenharia,S-004
EMP-00264,2023-02-16,Masculino,Preta,46-60,Analista,Financeiro,S-004
EMP-00265,2024-03-19,Masculino,Indígena,26-35,Especialista,Operações,S-004
EMP-00266,2024-04-08,Masculino,Preta,18-25,Especialista,Engenharia,S-003
EMP-00267,2023-02-16,Feminino,Parda,36-45,Especialista,Operações,S-005
EMP-00268,2024-08-30,Feminino,Preta,46-60,Gestor,Operações,S-002
EMP-00269,2023-07-16,Masculino,Branca,26-35,Gestor,RH,S-001
EMP-00270,2024-01-25,Feminino,Parda,26-35,Gestor,Sustentabilidade,S-003
EMP-00271,2024-11-20,Feminino,Amarela,46-60,Analista,Engenharia,S-004
EMP-00272,2023-06-25,Feminino,Indígena,18-25,Especialista,Operações,S-001
EMP-00273,2023-09-21,Masculino,Indígena,46-60,Gestor,Sustentabilidade,S-004
EMP-00274,2024-12-11,Masculino,Parda,26-35,Especialista,Engenharia,S-004
EMP-00275,2023-08-23,Masculino,Preta,46-60,Gestor,Engenharia,S-001
EMP-00276,2024-02-22,Feminino,Amarela,18-25,Analista,Financeiro,S-001
EMP-00277,2024-09-02,Feminino,Parda,36-45,Gestor,Engenharia,S-001
EMP-00278,2024-06-01,Feminino,Preta,26-35,Analista,Engenharia,S-003
EMP-00279,2023-05-01,Masculino,Indígena,26-35,Gestor,Financeiro,S-001
EMP-00280,2023-02-05,Masculino,Branca,18-25,Gestor,Financeiro,S-001
EMP-00281,2024-04-23,Masculino,Preta,36-45,Especialista,Operações,S-002
EMP-00282,2024-09-03,Feminino,Indígena,18-25,Gestor,Operações,S-005
EMP-00283,2023-11-29,Feminino,Preta,18-25,Analista,Financeiro,S-003
EMP-00284,2024-06-24,Feminino,Amarela,36-45,Especialista,Financeiro,S-005
EMP-00285,2023-02-22,Feminino,Indígena,46-60,Especialista,Operações,S-004
EMP-00286,2024-03-13,Feminino,Amarela,26-35,Analista,Engenharia,S-005
EMP-00287,2023-08-26,Feminino,Preta,46-60,Especialista,Sustentabilidade,S-004
EMP-00288,2024-06-03,Masculino,Parda,36-45,Especialista,Financeiro,S-002
EMP-00289,2024-09-26,Feminino,Preta,26-35,Especialista,Sustentabilidade,S-005
EMP-00290,2023-05-06,Feminino,Indígena,36-45,Gestor,Operações,S-004
EMP-00291,2023-12-26,Masculino,Parda,18-25,Analista,Engenharia,S-001
EMP-00292,2024-06-09,Masculino,Parda,36-45,Gestor,Operações,S-001
EMP-00293,2024-11-27,Feminino,Indígena,46-60,Analista,Engenharia,S-005
EMP-00294,2024-05-07,Masculino,Preta,46-60,Analista,Sustentabilidade,S-002
EMP-00295,2023-09-18,Masculino,Branca,36-45,Especialista,Engenharia,S-001
EMP-00296,2024-06-02,Feminino,Preta,26-35,Especialista,Financeiro,S-003
EMP-00297,2024-08-03,Feminino,Branca,26-35,Especialista,Engenharia,S-001
EMP-00298,2024-12-23,Masculino,Branca,46-60,Gestor,Sustentabilidade,S-002
EMP-00299,2024-10-16,Feminino,Preta,36-45,Analista,Financeiro,S-003
EMP-00300,2023-12-08,Feminino,Parda,46-60,Gestor,Engenharia,S-001
EMP-00301,2023-01-16,Masculino,Branca,46-60,Especialista,Operações,S-001
EMP-00302,2024-03-25,Masculino,Parda,46-60,Gestor,Operações,S-003
EMP-00303,2023-09-01,Feminino,Parda,26-35,Analista,Engenharia,S-005
EMP-00304,2023-11-16,Feminino,Parda,18-25,Gestor,Sustentabilidade,S-002
EMP-00305,2024-06-19,Feminino,Preta,36-45,Especialista,Engenharia,S-002
EMP-00306,2023-04-25,Feminino,Preta,46-60,Analista,Sustentabilidade,S-005
EMP-00307,2023-07-24,Feminino,Branca,46-60,Especialista,Financeiro,S-001
EMP-00308,2024-03-29,Masculino,Amarela,46-60,Gestor,Financeiro,S-004
EMP-00309,2023-08-08,Masculino,Indígena,46-60,Gestor,Sustentabilidade,S-004
EMP-00310,2023-10-08,Masculino,Branca,26-35,Gestor,Sustentabilidade,S-003
EMP-00311,2023-08-07,Feminino,Indígena,26-35,Analista,RH,S-005
EMP-00312,2023-09-23,Feminino,Branca,18-25,Especialista,Operações,S-001
EMP-00313,2024-11-24,Feminino,Branca,46-60,Especialista,Engenharia,S-005
EMP-00314,2024-05-31,Masculino,Preta,46-60,Gestor,Financeiro,S-003
EMP-00315,2024-03-12,Masculino,Indígena,36-45,Gestor,Engenharia,S-004
EMP-00316,2023-07-12,Feminino,Indígena,36-45,Gestor,RH,S-002
EMP-00317,2023-12-07,Feminino,Preta,26-35,Gestor,Financeiro,S-004
EMP-00318,2024-03-14,Masculino,Amarela,46-60,Analista,Engenharia,S-002
EMP-00319,2024-09-05,Masculino,Amarela,46-60,Gestor,Sustentabilidade,S-001
EMP-00320,2024-11-12,Masculino,Amarela,26-35,Gestor,Financeiro,S-003
EMP-00321,2024-08-13,Feminino,Indígena,36-45,Especialista,Sustentabilidade,S-002
EMP-00322,2024-10-22,Feminino,Parda,18-25,Especialista,Engenharia,S-002
EMP-00323,2023-11-26,Masculino,Parda,18-25,Gestor,Operações,S-003
EMP-00324,2023-03-06,Feminino,Preta,18-25,Analista,Sustentabilidade,S-001
EMP-00325,2023-07-16,Feminino,Branca,46-60,Especialista,Sustentabilidade,S-001
EMP-00326,2024-08-04,Feminino,Preta,46-60,Gestor,Sustentabilidade,S-004
EMP-00327,2024-07-21,Feminino,Parda,26-35,Gestor,RH,S-004
EMP-00328,2023-03-02,Feminino,Branca,36-45,Analista,RH,S-001
EMP-00329,2023-08-26,Feminino,Preta,26-35,Analista,RH,S-001
EMP-00330,2023-06-19,Masculino,Parda,18-25,Analista,Financeiro,S-001
EMP-00331,2023-12-15,Masculino,Indígena,36-45,Especialista,Sustentabilidade,S-002
EMP-00332,2023-02-17,Feminino,Branca,46-60,Especialista,Engenharia,S-003
EMP-00333,2024-07-22,Masculino,Preta,26-35,Analista,Engenharia,S-005
EMP-00334,2024-01-02,Masculino,Parda,18-25,Especialista,Sustentabilidade,S-004
EMP-00335,2024-02-26,Feminino,Amarela,46-60,Analista,Sustentabilidade,S-005
EMP-00336,2023-06-10,Feminino,Indígena,26-35,Analista,Engenharia,S-003
EMP-00337,2023-08-16,Feminino,Preta,18-25,Gestor,Sustentabilidade,S-001
EMP-00338,2024-11-07,Masculino,Branca,46-60,Analista,Financeiro,S-003
EMP-00339,2024-10-17,Feminino,Parda,18-25,Gestor,Sustentabilidade,S-003
EMP-00340,2024-10-15,Masculino,Branca,18-25,Especialista,Engenharia,S-004
EMP-00341,2024-03-02,Feminino,Branca,26-35,Gestor,Financeiro,S-005
EMP-00342,2024-02-27,Masculino,Branca,36-45,Analista,Sustentabilidade,S-003
EMP-00343,2024-09-30,Masculino,Amarela,36-45,Gestor,Sustentabilidade,S-001
EMP-00344,2024-03-27,Masculino,Indígena,18-25,Gestor,Sustentabilidade,S-003
EMP-00345,2024-06-10,Feminino,Branca,36-45,Analista,Sustentabilidade,S-002
EMP-00346,2023-09-18,Feminino,Parda,18-25,Especialista,RH,S-005
EMP-00347,2023-01-31,Masculino,Preta,18-25,Analista,Sustentabilidade,S-002
EMP-00348,2023-04-02,Feminino,Indígena,36-45,Gestor,Sustentabilidade,S-002
EMP-00349,2024-01-24,Feminino,Preta,26-35,Especialista,Operações,S-001
EMP-00350,2023-05-30,Masculino,Preta,46-60,Especialista,Engenharia,S-004
EMP-00351,2024-04-15,Masculino,Preta,18-25,Especialista,RH,S-003
EMP-00352,2024-01-01,Masculino,Parda,36-45,Gestor,Sustentabilidade,S-005
EMP-00353,2024-05-01,Feminino,Indígena,36-45,Analista,Operações,S-001
EMP-00354,2024-05-28,Masculino,Branca,46-60,Especialista,Engenharia,S-001
EMP-00355,2023-02-16,Masculino,Preta,26-35,Analista,Financeiro,S-002
EMP-00356,2023-04-24,Masculino,Parda,26-35,Analista,Sustentabilidade,S-003
EMP-00357,2024-03-06,Feminino,Branca,36-45,Gestor,Operações,S-004
EMP-00358,2023-11-11,Feminino,Parda,46-60,Especialista,Operações,S-003
EMP-00359,2024-01-31,Feminino,Preta,26-35,Especialista,RH,S-001
EMP-00360,2023-01-31,Feminino,Indígena,46-60,Especialista,Engenharia,S-002
EMP-00361,2023-07-09,Masculino,Amarela,36-45,Especialista,Engenharia,S-002
EMP-00362,2024-01-30,Masculino,Parda,18-25,Especialista,Financeiro,S-003
EMP-00363,2023-11-05,Feminino,Branca,46-60,Especialista,Operações,S-004
EMP-00364,2023-08-12,Feminino,Branca,36-45,Especialista,Sustentabilidade,S-004
EMP-00365,2024-05-09,Masculino,Parda,46-60,Analista,RH,S-001
EMP-00366,2024-05-29,Masculino,Amarela,26-35,Analista,Financeiro,S-004
EMP-00367,2024-02-23,Feminino,Parda,18-25,Gestor,RH,S-005
EMP-00368,2023-09-23,Feminino,Amarela,26-35,Analista,Sustentabilidade,S-005
EMP-00369,2024-02-14,Feminino,Indígena,18-25,Especialista,Sustentabilidade,S-004
EMP-00370,2023-11-13,Feminino,Branca,36-45,Gestor,Financeiro,S-002
EMP-00371,2023-01-31,Masculino,Parda,18-25,Especialista,Operações,S-003
EMP-00372,2024-05-24,Masculino,Branca,18-25,Analista,Financeiro,S-002
EMP-00373,2023-02-15,Feminino,Indígena,18-25,Gestor,Engenharia,S-001
EMP-00374,2023-03-18,Masculino,Preta,36-45,Gestor,Sustentabilidade,S-002
EMP-00375,2024-02-14,Masculino,Preta,46-60,Gestor,Operações,S-003
EMP-00376,2024-05-18,Feminino,Branca,26-35,Especialista,Engenharia,S-003
EMP-00377,2023-05-28,Feminino,Parda,18-25,Analista,Financeiro,S-004
EMP-00378,2023-06-03,Masculino,Amarela,26-35,Gestor,Operações,S-005
EMP-00379,2024-07-25,Feminino,Indígena,46-60,Especialista,RH,S-002
EMP-00380,2023-05-30,Masculino,Indígena,18-25,Especialista,Sustentabilidade,S-002
EMP-00381,2023-07-27,Feminino,Parda,46-60,Especialista,RH,S-005
EMP-00382,2023-11-15,Masculino,Amarela,46-60,Analista,Sustentabilidade,S-002
EMP-00383,2024-01-22,Masculino,Preta,36-45,Analista,Engenharia,S-003
EMP-00384,2024-06-17,Masculino,Preta,46-60,Analista,Engenharia,S-002
EMP-00385,2023-09-06,Feminino,Amarela,18-25,Analista,Sustentabilidade,S-005
EMP-00386,2024-04-18,Masculino,Preta,46-60,Gestor,Engenharia,S-003
EMP-00387,2023-09-17,Masculino,Indígena,46-60,Gestor,Engenharia,S-005
EMP-00388,2023-08-04,Masculino,Preta,46-60,Gestor,Engenharia,S-001
EMP-00389,2024-09-21,Masculino,Amarela,26-35,Especialista,Sustentabilidade,S-004
EMP-00390,2023-01-27,Feminino,Amarela,18-25,Gestor,Operações,S-001
EMP-00391,2023-07-02,Masculino,Preta,46-60,Especialista,Financeiro,S-002
EMP-00392,2024-10-11,Feminino,Parda,36-45,Gestor,Sustentabilidade,S-005
EMP-00393,2023-07-11,Masculino,Indígena,46-60,Especialista,Operações,S-002
EMP-00394,2023-10-13,Masculino,Indígena,26-35,Gestor,Operações,S-004
EMP-00395,2023-11-10,Feminino,Parda,46-60,Gestor,RH,S-005
EMP-00396,2024-06-19,Masculino,Preta,18-25,Especialista,Sustentabilidade,S-003
EMP-00397,2023-10-11,Masculino,Branca,46-60,Gestor,RH,S-003
EMP-00398,2023-10-30,Feminino,Branca,46-60,Analista,RH,S-002
EMP-00399,2024-01-01,Masculino,Amarela,26-35,Analista,Sustentabilidade,S-003
EMP-00400,2024-06-06,Feminino,Branca,18-25,Analista,Operações,S-004
EMP-00401,2024-10-17,Feminino,Branca,26-35,Gestor,Engenharia,S-004
EMP-00402,2023-10-26,Masculino,Preta,36-45,Analista,RH,S-004
EMP-00403,2024-08-01,Masculino,Amarela,26-35,Especialista,Operações,S-005
EMP-00404,2023-12-11,Masculino,Parda,18-25,Gestor,Operações,S-004
EMP-00405,2024-07-14,Masculino,Preta,26-35,Gestor,Sustentabilidade,S-004
EMP-00406,2024-05-19,Feminino,Parda,36-45,Analista,Sustentabilidade,S-005
EMP-00407,2024-11-02,Feminino,Amarela,36-45,Especialista,Financeiro,S-004
EMP-00408,2024-01-31,Masculino,Parda,26-35,Especialista,RH,S-001
EMP-00409,2024-09-09,Masculino,Parda,46-60,Analista,RH,S-005
EMP-00410,2023-11-23,Feminino,Preta,46-60,Especialista,Sustentabilidade,S-002
EMP-00411,2024-08-24,Masculino,Parda,18-25,Analista,Financeiro,S-001
EMP-00412,2024-02-01,Masculino,Preta,18-25,Especialista,Sustentabilidade,S-003
EMP-00413,2024-09-14,Feminino,Branca,26-35,Analista,Operações,S-004
EMP-00414,2023-06-09,Feminino,Preta,36-45,Gestor,Engenharia,S-005
EMP-00415,2024-06-21,Masculino,Preta,26-35,Analista,Operações,S-002
EMP-00416,2024-04-26,Feminino,Amarela,46-60,Gestor,Operações,S-003
EMP-00417,2023-08-20,Masculino,Branca,18-25,Especialista,Operações,S-003
EMP-00418,2024-11-24,Feminino,Indígena,36-45,Especialista,Financeiro,S-002
EMP-00419,2023-05-27,Feminino,Parda,18-25,Analista,Sustentabilidade,S-004
EMP-00420,2023-09-19,Masculino,Branca,18-25,Gestor,Financeiro,S-001
EMP-00421,2024-06-23,Masculino,Branca,18-25,Analista,RH,S-003
EMP-00422,2023-02-09,Masculino,Parda,18-25,Analista,RH,S-005
EMP-00423,2024-12-19,Masculino,Branca,26-35,Especialista,RH,S-004
EMP-00424,2024-12-20,Feminino,Parda,36-45,Analista,Sustentabilidade,S-003
EMP-00425,2024-04-18,Feminino,Preta,36-45,Especialista,Engenharia,S-001
EMP-00426,2023-11-02,Masculino,Preta,46-60,Gestor,Engenharia,S-005
EMP-00427,2023-08-16,Feminino,Indígena,36-45,Analista,Engenharia,S-004
EMP-00428,2023-05-16,Masculino,Indígena,26-35,Especialista,Operações,S-002
EMP-00429,2023-11-28,Masculino,Branca,26-35,Especialista,Financeiro,S-004
EMP-00430,2023-04-25,Feminino,Branca,26-35,Analista,Engenharia,S-001
EMP-00431,2024-12-18,Masculino,Branca,46-60,Analista,Engenharia,S-005
EMP-00432,2023-05-23,Feminino,Amarela,26-35,Especialista,Sustentabilidade,S-005
EMP-00433,2023-11-19,Feminino,Parda,36-45,Especialista,Engenharia,S-001
EMP-00434,2023-04-13,Feminino,Indígena,36-45,Especialista,Sustentabilidade,S-005
EMP-00435,2023-03-15,Feminino,Indígena,46-60,Analista,RH,S-001
EMP-00436,2023-05-21,Feminino,Branca,18-25,Especialista,Sustentabilidade,S-004
EMP-00437,2024-01-06,Feminino,Preta,18-25,Analista,Operações,S-001
EMP-00438,2023-09-07,Feminino,Branca,46-60,Analista,Financeiro,S-001
EMP-00439,2023-10-02,Masculino,Amarela,46-60,Gestor,Sustentabilidade,S-004
EMP-00440,2023-12-23,Masculino,Preta,46-60,Gestor,RH,S-001
EMP-00441,2024-01-03,Masculino,Preta,36-45,Gestor,Operações,S-002
EMP-00442,2023-05-29,Masculino,Parda,36-45,Analista,Financeiro,S-004
EMP-00443,2023-08-26,Masculino,Preta,46-60,Gestor,Financeiro,S-004
EMP-00444,2023-11-29,Masculino,Branca,18-25,Analista,Sustentabilidade,S-003
EMP-00445,2023-06-30,Masculino,Preta,18-25,Especialista,Sustentabilidade,S-003
EMP-00446,2024-10-11,Feminino,Amarela,46-60,Especialista,Financeiro,S-005
EMP-00447,2023-06-18,Feminino,Indígena,18-25,Analista,Engenharia,S-003
EMP-00448,2023-02-20,Feminino,Indígena,18-25,Gestor,Operações,S-002
EMP-00449,2024-02-22,Masculino,Parda,36-45,Gestor,RH,S-004
EMP-00450,2023-03-04,Masculino,Branca,18-25,Analista,Sustentabilidade,S-005
EMP-00451,2024-12-31,Masculino,Branca,46-60,Especialista,RH,S-003
EMP-00452,2024-02-19,Feminino,Preta,26-35,Especialista,Financeiro,S-005
EMP-00453,2023-02-06,Feminino,Branca,26-35,Analista,Financeiro,S-005
EMP-00454,2024-01-25,Feminino,Indígena,26-35,Analista,Engenharia,S-004
EMP-00455,2024-12-09,Masculino,Indígena,26-35,Analista,Operações,S-001
EMP-00456,2024-06-22,Feminino,Branca,18-25,Especialista,Financeiro,S-005
EMP-00457,2023-05-16,Feminino,Indígena,46-60,Analista,Financeiro,S-005
EMP-00458,2023-09-18,Feminino,Branca,26-35,Especialista,Sustentabilidade,S-005
EMP-00459,2023-06-28,Feminino,Branca,18-25,Especialista,Financeiro,S-002
EMP-00460,2024-08-15,Masculino,Amarela,46-60,Especialista,Sustentabilidade,S-001
EMP-00461,2023-08-10,Masculino,Branca,18-25,Especialista,Operações,S-004
EMP-00462,2023-03-17,Feminino,Preta,18-25,Analista,Sustentabilidade,S-001
EMP-00463,2023-04-04,Feminino,Indígena,36-45,Especialista,Financeiro,S-005
EMP-00464,2023-10-14,Feminino,Preta,36-45,Especialista,Financeiro,S-003
EMP-00465,2024-03-21,Masculino,Branca,26-35,Analista,RH,S-005
EMP-00466,2023-08-06,Feminino,Preta,36-45,Gestor,Sustentabilidade,S-001
EMP-00467,2023-02-14,Masculino,Indígena,36-45,Analista,Financeiro,S-005
EMP-00468,2024-08-10,Masculino,Indígena,36-45,Especialista,Engenharia,S-003
EMP-00469,2024-08-24,Masculino,Amarela,26-35,Gestor,Sustentabilidade,S-001
EMP-00470,2024-05-06,Feminino,Amarela,26-35,Especialista,Engenharia,S-001
EMP-00471,2023-01-29,Masculino,Preta,46-60,Analista,Sustentabilidade,S-004
EMP-00472,2023-09-15,Masculino,Branca,18-25,Analista,Sustentabilidade,S-001
EMP-00473,2024-09-21,Feminino,Parda,46-60,Especialista,RH,S-001
EMP-00474,2023-01-14,Masculino,Amarela,18-25,Especialista,RH,S-001
EMP-00475,2024-03-21,Feminino,Indígena,18-25,Gestor,Financeiro,S-001
EMP-00476,2023-01-09,Feminino,Amarela,46-60,Especialista,Financeiro,S-005
EMP-00477,2023-04-03,Feminino,Branca,26-35,Especialista,Engenharia,S-005
EMP-00478,2023-02-08,Masculino,Parda,46-60,Especialista,Operações,S-001
EMP-00479,2023-12-18,Masculino,Parda,46-60,Especialista,Engenharia,S-004
EMP-00480,2024-07-02,Feminino,Parda,18-25,Especialista,Financeiro,S-005
EMP-00481,2023-09-28,Feminino,Indígena,26-35,Gestor,Engenharia,S-005
EMP-00482,2023-06-13,Feminino,Parda,26-35,Especialista,Engenharia,S-005
EMP-00483,2024-04-24,Feminino,Branca,36-45,Especialista,Financeiro,S-004
EMP-00484,2024-05-19,Feminino,Amarela,18-25,Especialista,Financeiro,S-003
EMP-00485,2023-06-26,Feminino,Indígena,18-25,Especialista,Sustentabilidade,S-002
EMP-00486,2023-01-30,Masculino,Amarela,18-25,Especialista,Engenharia,S-001
EMP-00487,2024-03-22,Feminino,Amarela,46-60,Gestor,Sustentabilidade,S-001
EMP-00488,2024-09-22,Masculino,Indígena,46-60,Especialista,Operações,S-005
EMP-00489,2023-02-01,Masculino,Indígena,18-25,Especialista,Operações,S-002
EMP-00490,2023-04-01,Masculino,Indígena,46-60,Gestor,Financeiro,S-005
EMP-00491,2024-03-24,Masculino,Amarela,18-25,Analista,Financeiro,S-004
EMP-00492,2024-10-05,Masculino,Indígena,18-25,Especialista,RH,S-003
EMP-00493,2024-03-23,Feminino,Preta,26-35,Especialista,Sustentabilidade,S-002
EMP-00494,2023-09-19,Feminino,Branca,26-35,Gestor,Operações,S-002
EMP-00495,2023-07-12,Masculino,Preta,36-45,Especialista,Engenharia,S-002
EMP-00496,2023-05-02,Masculino,Parda,36-45,Especialista,Engenharia,S-003
EMP-00497,2024-08-11,Masculino,Amarela,18-25,Especialista,Sustentabilidade,S-004
EMP-00498,2023-11-03,Feminino,Indígena,26-35,Especialista,Sustentabilidade,S-002
EMP-00499,2024-01-08,Masculino,Preta,46-60,Gestor,RH,S-003
EMP-00500,2024-07-20,Masculino,Parda,26-35,Gestor,Engenharia,S-002
